"","Laboratory","SiO2","TiO2","Al2O3","Fe2O3T","Fe(II)O","MnO","MgO","CaO","Na2O","K2O","P2O5","H2O+","CO2","LOI","Ag","As","Au","B","Ba","Be","Bi","Br","C(org)","C(tot)","Cd","Ce","Cl","Co","Cr","Cs","Cu","Dy","Er","Eu","F","Ga","Gd","Ge","Hf","Hg","Ho","I","In","Ir","La","Li","Lu","Mo","N","Nb","Nd","Ni","Os","Pb","Pd","Pr","Pt","Rb","Re","Rh","Ru","S","Sb","Sc","Se","Sm","Sn","Sr","Ta","Tb","Te","Th","Tl","Tm","U","V","W","Y","Yb","Zn","Zr"
"1","V2","52.39","0.33","22.34","2.18","0.52","0.13","0.21","2.04","6.91","9.13","0.043","*","*","3.32","*","28.8","*","*","414","11.3","1.38","*","*","*","0.65","282","*","1.49","45","12.4","1.51","3.86","1.94","2.27","*","21.5","7.09","*","*","*","0.7","*","*","*","159","59.6","0.28","*","*","45.5","86","*","*","105","*","28.4","*","221","*","*","*","*","2.75","0.73","*","10.7","1.6","1740","*","0.78","*","52.3","1.84","0.28","11.2","30.1","6.2","27.5","1.86","102","597"
"2","V3","51.86","0.33","22.48","2.66","*","0.14","0.27","2.18","6.99","9.02","0.035","*","*","3.35","*","*","*","*","427","9.37","*","*","*","*","*","266","*","1.64","40.9","11.2","4.1","4.35","2.17","2.47","*","23.2","8.1","1.21","10.2","*","0.75","*","*","*","150","58.7","0.32","*","*","44.3","90.3","2.34","*","122","*","28.6","*","174","*","*","*","*","*","0.98","*","11.1","*","1706","1.94","0.88","*","60.2","*","0.31","13.4","29.4","*","25.8","2.1","91.7","631"
"3","V4","51.39","0.3","22.08","2.59","*","0.14","0.22","2.25","6.85","8.94","0.03","*","*","*","*","19.4","*","*","402","*","*","2","*","*","*","264.8","*","*","38.8","*","7.2","*","*","*","*","20.3","*","1.8","*","*","*","*","*","*","145.7","*","*","4.4","*","39.4","81.7","3.5","*","102.7","*","*","*","189.1","*","*","*","*","*","*","*","11","*","1596.5","3","*","*","52.2","*","*","16.6","24.7","3.4","26.2","*","70.9","578.8"
"4","V4.1","*","*","*","*","*","*","*","*","*","*","*","*","*","3.47","*","*","*","*","*","*","*","*","*","*","*","*","1137","*","*","*","*","*","*","*","7571","*","*","*","*","*","*","*","*","*","*","*","*","*","*","*","*","*","*","*","*","*","*","*","*","*","*","1120","*","*","*","*","*","*","*","*","*","*","*","*","*","*","*","*","*","*","*"
"5","V5","50.9","0.3467","22.65","2.731","*","0.14","0.21","2.18","6.8","9.207","0.0418","*","*","*","*","21.1","*","*","437","*","*","*","*","*","*","282.7","*","1.533","43.53","12.13","6.3","4.04","1.783","2.433","*","23.7","6.4","*","5.743","0.48","0.6267","*","*","*","161","55.87","0.2667","3.607","*","33.9","83.97","*","*","125.3","*","27.87","*","186","*","*","*","*","*","*","*","10.47","*","1756.7","*","0.76","*","60.43","2.18","0.25","13.2","28.67","*","*","1.67","98.83","287"
"6","V6","53.7","0.37","21.9","2.88","*","0.15","0.31","2.46","6.8","8.76","0.06","*","*","3.1","*","*","*","*","345","7.7","*","*","*","*","*","293.1","*","2.1","45.4","11.6","6.2","4.1","2.1","2.5","*","19.9","8.5","*","9.5","*","0.8","*","*","*","161","*","0.3","3.7","*","42.7","88.7","3.6","*","70.1","*","26.9","*","182.1","*","*","*","*","*","0.3","*","11.1","0.7","1357","1.7","0.9","*","61.2","1.1","0.3","12.4","29.2","5.1","25.7","2.1","154.9","571.1"
"7","V8","52.95","0.35","22.89","2.54","*","0.126","0.233","2.35","7.26","8.91","0.04","*","1.26","3.47","*","27.98","*","*","420","8.62","*","*","*","3770","*","248","2113","1.53","26.1","*","3.55","4.1","2.15","2.45","4140","*","7.33","*","10.4","*","0.73","*","*","*","154","58.4","0.3","3.55","*","46.01","82.9","3.02","*","105","*","25.8","*","186","*","*","*","1613","3.05","*","*","10.9","*","1724","3.4","0.85","*","62.18","*","0.298","13.65","26.5","*","24.5","1.98","95.9","584"
"8","V9","51.71","0.347","22.6","2.59","*","0.141","0.205","2.27","6.95","9.04","0.04","*","*","*","*","*","*","*","*","*","*","*","*","*","*","*","*","*","*","*","*","*","*","*","*","*","*","*","*","*","*","*","*","*","*","*","*","*","*","*","*","*","*","*","*","*","*","*","*","*","*","*","*","*","*","*","*","*","*","*","*","*","*","*","*","*","*","*","*","*","*"
"9","V11","51.67","0.34","22.46","2.6","*","0.14","0.26","2.26","6.98","9.08","*","*","*","3.15","*","24.2","*","*","474","8.37","0.99","*","*","*","*","306","*","1.5","33","12.9","3.6","4.45","2.33","2.59","*","22.8","6.9","*","10.8","*","0.8","*","*","*","174.5","58.8","0.3","4.18","*","41.9","96.3","*","*","124","*","29.5","*","199.5","*","*","*","0.18","2.91","*","*","12","*","1725","1.9","0.87","*","63.2","2.01","0.32","13.55","*","*","25.5","2.31","105","672"
"10","V12","51.73","0.35","22.37","2.61","*","0.14","0.21","2.26","6.92","9.28","0.04","*","*","3.23","*","*","*","*","388","*","*","*","*","*","*","*","*","*","32","*","*","*","*","*","*","20","*","*","*","*","*","*","*","*","*","*","*","*","*","*","*","*","*","109","*","*","*","*","*","*","*","*","*","*","*","*","*","1765","*","*","*","*","*","*","*","27","*","*","*","88","624"
"11","V13","*","*","*","*","*","*","*","*","*","*","*","*","*","*","*","*","*","*","435","9.14","1.16","*","*","*","*","311","*","1.6","44.6","12.7","4.17","4.51","2.32","2.78","*","23.4","6.24","*","10.7","*","0.81","*","*","*","171","57.6","0.34","4.12","*","47.7","96.6","3.26","*","133","*","31.8","*","196","*","*","*","*","*","0.45","*","12.1","1.65","1821","2.09","0.87","*","70.8","2.49","0.33","14.1","31","*","27.9","2.21","97.1","645"
"12","V14","52.05","0.35","22.82","2.65","*","0.14","0.24","2.27","6.77","9.11","0.038","0.31","*","3.13","*","20.5","*","*","400","10.3","*","*","*","*","0.5","314","*","1.26","44","11.1","13","4.23","2.55","2.42","*","24","6.33","*","7.08","*","0.765","*","*","*","165","51","0.319","*","*","35","89.2","*","*","128","*","28.2","*","187","*","*","*","*","*","*","*","11.24","*","1641","1.02","0.867","*","*","*","0.307","12.5","36","*","23.95","2.09","96","565"
"13","V14.1","*","*","*","*","*","*","*","*","*","*","*","*","*","*","*","*","*","*","*","*","*","*","*","*","*","*","*","*","*","*","*","*","*","*","*","*","*","*","*","*","*","*","*","*","*","*","*","*","*","*","*","*","*","*","*","*","*","*","*","*","*","*","*","*","*","*","*","*","*","*","*","*","1.8","*","*","*","*","*","*","*","*"
"14","V15","51.1","0.33","22.95","2.93","0.81","0.145","0.33","2.34","6.56","9.3","0.029","*","*","3.35","0.6","*","*","*","416","8.1","*","*","*","*","0.18","287","*","1.4","48.7","*","16.1","5.41","2.07","2.54","*","*","7.07","*","*","*","0.74","*","*","*","146.9","52","0.295","5","*","*","79.8","3.4","*","109","*","26.14","*","*","*","*","*","1730","*","*","1.04","11.39","*","1537","*","1.42","*","*","*","0.28","*","26.1","*","23.8","1.8","110","579"
"15","V17","51.66","0.34","22.38","2.61","*","0.14","0.25","2.26","7","9.15","0.03","0.2","1.25","3.3","*","*","*","*","*","*","*","*","0.02","0.34","*","*","*","*","*","*","*","*","*","*","*","*","*","*","*","*","*","*","*","*","*","*","*","*","*","*","*","*","*","*","*","*","*","*","*","*","*","*","*","*","*","*","*","*","*","*","*","*","*","*","*","*","*","*","*","*","*"
"16","V18","52","0.35","22.2","2.61","*","0.14","0.07","2.29","7.23","9.21","0.039","13","*","3.27","0.6","27","*","*","341","8.5","2.62","*","*","3200","0.27","313","1610","2","24","11.9","14.4","4.64","2.4","3.06","4400","25.3","9.17","0.3","7.21","*","1.07","*","0.07","*","198","55","0.56","2.44","*","45.4","*","3.9","*","88.6","*","30.2","*","150","*","*","*","900","4.52","0.6","*","11.9","1.8","1320","3.16","1.34","0.61","62.7","1.5","0.52","8.2","29","7.7","27.2","2.5","107","283"
"17","V19","51.28","0.34","22.26","2.67","*","0.13","0.24","2.28","6.8","9.17","0.05","*","*","3.16","*","25","*","*","438","*","*","*","*","*","*","310","*","*","44","*","*","*","*","*","*","22","*","*","*","*","*","*","*","*","201","*","*","*","*","35","*","2","*","121","*","*","*","200","*","*","*","*","*","*","*","*","*","1756","*","*","*","61","*","*","13","23","*","24","*","82","556"
"18","V20","51.72","0.35","22.66","2.61","*","0.13","0.29","2.2","6.89","9.09","0.04","0.32","*","3.48","*","*","*","*","*","*","*","*","*","0.31","*","*","*","*","*","*","*","*","*","*","*","*","*","*","*","*","*","*","*","*","*","*","*","*","*","*","*","*","*","*","*","*","*","*","*","*","*","*","*","*","*","*","*","*","*","*","*","*","*","*","*","*","*","*","*","*","*"
"19","V21","53.11","0.28","22.4","1.78","*","0.1","0.27","2.13","7.3","9.28","0.04","*","*","1.28","*","*","*","*","678","8.27","*","*","*","*","*","293.5","*","27","26","*","2","4.55","2.03","2.57","*","28","7.56","1.02","9.89","*","0.73","*","*","*","168.1","*","0.33","4.59","*","33","90.52","7","*","71","*","29.85","*","213","*","*","*","*","*","4","*","11.1","*","1657","1.44","1.02","*","13","*","0.32","12.84","25","6.28","25","2.07","81","554"
"20","V23","*","*","*","*","*","*","*","*","*","*","*","*","*","*","*","*","*","*","*","*","*","*","*","*","0.1","298","*","*","*","13.6","*","4.2","2.1","2.7","*","34.6","4.8","2.5","*","*","0.8","*","*","*","165","*","0.3","*","*","40.3","95.9","*","*","*","*","31.1","*","184","*","*","*","*","3.6","7","*","11.9","2.4","*","2.4","1.2","*","65.9","*","0.3","13","*","6.8","24.2","2.8","*","*"
"21","V24","52.21","0.34","22.06","2.715","*","0.141","0.143","2.265","6.804","8.942","0.029","*","*","3.39","*","*","*","*","456","9.02","*","*","*","*","*","307.2","*","1.51","34.56","15.01","1.49","4.22","2.09","2.56","*","21.43","5.63","*","9.33","*","0.76","*","*","*","172.3","69.15","0.3","5.28","*","48.5","94.2","1.91","*","92","*","30.62","*","184.9","*","*","*","*","*","0.69","*","11.47","*","1772","2.3","0.81","*","63.8","*","*","14.05","28.26","*","27.62","2.12","102.7","579"
"22","V25","52.1","0.35","*","2.63","*","0.13","0.44","2.09","6.63","*","0.06","*","*","2.91","*","*","*","*","390","*","*","*","*","*","*","*","*","*","*","*","*","*","*","*","*","*","*","*","*","*","*","*","*","*","*","*","*","*","*","*","*","*","*","*","*","*","*","160","*","*","*","*","*","*","*","*","*","1600","*","*","*","*","*","*","*","*","*","*","*","*","560"
"23","V27","51.3","0.347","22","2.47","*","0.133","0.397","2.91","7.33","9.35","*","*","*","3.32","*","*","*","*","*","*","*","*","*","*","*","*","*","*","*","*","*","*","*","*","*","*","*","*","*","*","*","*","*","*","*","*","*","*","*","*","*","*","*","*","*","*","*","*","*","*","*","*","*","*","*","*","*","*","*","*","*","*","*","*","*","*","*","*","*","*","*"
"24","V28","*","0.36","*","3.05","*","0.14","0.37","2.73","7.56","10.3","*","*","*","*","*","*","*","*","428","*","*","*","*","*","*","206","*","1.28","36.1","11.6","4.23","3.65","1.82","2.19","*","*","6.6","*","*","*","*","*","*","*","112","58.7","0.25","*","*","*","77.3","1.78","*","97.1","*","24","*","199","*","*","*","*","*","*","*","9.93","*","1774","*","0.67","*","55.1","*","0.26","11.1","25","*","18.2","1.75","94.2","*"
"25","V29","53.91","0.31","21.09","2.33","*","0.12","0.01","2.58","7.59","8.54","0.04","*","*","3.21","0.13","26.2","*","*","420","7.9","*","*","*","*","0.2","265","*","5.2","74.4","12.6","7.7","4.1","2","2.4","*","33","6.8","5.9","5.2","*","0.73","*","*","*","147","*","0.23","10","*","47.1","84.5","72.6","*","139","*","27.2","*","227","*","*","*","*","4.7","9.6","1","10.7","2.2","2172","2.3","0.8","*","54","1.1","0.31","12.7","27","*","78","2.1","92","782"
"26","V30","51.4","0.339","22.3","2.61","*","0.136","0.171","2.24","6.76","9.02","0.038","*","*","3.2","*","21.4","*","*","430","8.5","*","*","*","2840","*","289","1596","*","38.8","11.8","*","3.84","1.8","2.62","4484","19.4","6.33","*","9.47","*","0.747","*","*","*","163","*","0.29","3.42","*","42.4","85.7","*","*","114","*","26.4","*","184","*","*","*","579","2.5","*","*","12","2.2","1686","1.79","0.805","*","60.2","*","0.289","12.2","12.2","5.73","18.7","1.77","78.6","569"
"27","V31","*","*","*","*","*","*","*","*","*","*","*","*","2.528","*","*","*","*","*","*","*","*","*","*","6900","*","*","*","*","*","*","*","*","*","*","*","*","*","*","*","0.768","*","*","*","*","*","*","*","*","*","*","*","*","*","*","*","*","*","*","*","*","*","600","*","*","*","*","*","*","*","*","*","*","*","*","*","*","*","*","*","*","*"
"28","V32","52.17","0.31","22.72","2.53","*","0.13","*","2.08","6.45","9.37","0.02","*","*","3.37","*","*","*","*","347","6.82","*","*","*","*","*","298.45","*","*","*","*","*","4.25","2.29","2.66","*","26","10.66","0.94","7.24","*","0.69","*","*","*","162.55","*","0.33","*","*","43","92.63","11","*","120","*","27.59","*","164","*","*","*","*","*","*","*","11.65","1.75","1672","5.19","1.09","*","70","*","0.34","11.82","23","*","33","2.1","90","566"
"29","V33","51.47","0.346","22.48","2.66","*","0.124","0.25","2.28","6.85","9.09","0.034","*","*","3.32","*","*","*","*","447","*","*","8","*","2239","6","286","2100","*","48","*","2","*","*","*","4050","22","*","*","12","*","*","1","*","*","160","*","*","3","*","33","84","7","*","110","*","31","*","182","*","*","*","1661","9","10","*","16","*","1698","7","*","*","39","*","*","9","23","*","28","*","91","547"
"30","V34","*","*","*","*","*","*","*","*","*","*","*","*","*","*","*","*","*","*","*","*","*","*","*","*","*","229.9","*","*","*","*","*","3.96","1.73","2.29","*","*","7.17","*","*","*","0.66","*","*","*","124.6","*","0.26","*","*","*","*","*","*","*","*","20.92","*","*","*","*","*","*","*","*","*","8.51","*","*","*","1.04","*","*","*","0.24","*","*","*","28.14","1.58","*","*"
"31","V36","52.22","0.36","23.67","2.93","*","0.13","0.03","2.33","7.99","9.76","0.05","*","*","*","*","*","*","*","*","*","*","*","*","*","*","*","*","*","*","*","*","*","*","*","*","*","*","*","*","*","*","*","*","*","*","*","*","*","*","*","*","*","*","*","*","*","*","*","*","*","*","*","*","*","*","*","*","*","*","*","*","*","*","*","*","*","*","*","*","*","*"
"32","V37","51.609","0.34","22.21","2.594","*","0.1147","0.15","2.273","7.154","9.141","0.039","*","*","3.39","*","*","*","*","422.9","*","*","*","*","*","*","285.9","*","*","40.5","*","*","*","*","*","*","*","*","*","*","*","*","*","*","*","163.7","*","*","*","*","37.9","122.2","*","*","108.4","*","29.2","*","198.8","*","*","*","1444","*","*","*","*","*","1759","*","*","*","59.1","*","*","6.1","*","*","24.9","*","89.5","577.8"
"33","V38","52.379","0.352","23.258","2.746","*","0.145","0.25","2.331","7.052","9.375","*","*","*","3.053","*","*","*","*","634","*","*","*","*","2866","*","*","*","*","*","*","*","*","*","*","*","*","*","*","*","*","*","*","*","*","*","*","*","*","*","*","*","*","*","*","*","*","*","*","*","*","*","1878","*","*","*","*","*","*","*","*","*","*","*","*","*","*","*","*","*","*","753"
"34","V40","44.4","0.35","23.4","2.01","*","0.1","0.12","3.35","6.95","8.27","0.03","*","*","3.24","*","*","*","*","369","*","*","*","*","*","*","246","1206","*","42","*","4","*","*","*","*","22","*","*","*","*","*","*","*","*","153","*","*","*","*","42","*","*","*","58","*","*","*","186","*","*","*","905","*","*","*","*","5","1692","*","*","*","36","*","*","10","*","*","29","*","83","551"
"35","V41","33.8","4.42","8.7","9.33","*","0.73","*","3.89","*","25.1","1.25","*","*","*","0.77","22","*","*","317.87","*","*","*","*","*","2.4","*","1138","*","144","45.53","2.09","*","*","*","*","*","*","*","*","*","*","*","*","*","*","*","*","1.32","*","5.62","*","*","*","19.44","2.81","*","*","204","*","*","*","498","17.7","*","*","*","6.47","12.76","*","*","53","3.67","496.41","*","2.71","184","126","15","*","80.33","68.62"
"36","V42","51.38","0.35","22.3","2.66","*","0.14","0.26","2.25","6.67","9.11","0.04","*","*","3.28","0.26","27","*","*","434","9.35","*","*","*","*","*","295","*","1.4","50.7","*","3.43","4.39","2.26","2.68","*","*","8.23","*","*","*","0.79","*","*","*","169","45.1","0.33","4.15","*","*","95.5","2.66","*","*","*","30.2","*","*","*","*","*","*","2.66","*","6.05","12","*","*","*","0.89","*","71.2","2.21","0.32","14.4","*","*","*","2.12","73.2","*"
"37","V42.1","*","*","*","*","*","*","*","*","*","*","*","*","*","*","*","*","*","*","*","*","2.6","3.25","*","*","*","*","*","*","*","*","*","*","*","*","*","20.9","*","*","11.1","*","*","*","*","*","*","*","*","*","*","39.8","*","*","*","113","*","*","*","186","*","*","*","*","*","*","*","*","1.9","1693","2.1","*","*","*","*","*","*","21.8","5.4","23.9","*","*","544"
"38","V44","53.25","0.33","23.13","2.68","*","0.13","0.33","2.78","7.98","8.25","0.04","*","*","*","*","*","*","*","481","8.63","*","*","*","*","*","296.24","*","5","29","*","11","4.07","2.33","3.3","*","24","9.13","0.82","11.56","0.665","0.79","*","*","*","180.24","*","0.32","3.79","*","26","92.62","6","*","121","*","28.55","*","171","*","*","*","*","*","5","*","11.38","1.42","1657","1.72","1.05","*","63","*","0.33","11.88","23","6.51","25","2.21","87","619"
"39","V46","51.9","0.35","22.61","2.69","*","0.15","0.13","2.22","7.33","9.39","0.02","*","*","3.6","*","21","*","124","499","1.63","*","*","*","*","*","280","*","*","37","*","5","3.99","2.17","2.41","*","*","9.52","6","*","*","0.7","*","*","*","159.1","40","0.29","4","*","56","84","21","*","*","*","24.12","*","*","*","*","*","1400","*","0.3","*","10.6","10","675","*","0.9","*","67.9","*","0.3","*","11","39","19","1.96","28.4","*"
"40","V49","51.93","0.32","22.53","2.55","1.1","0.13","0.26","2.3","6.86","9.15","0.04","2","1.09","3.21","*","19.8","*","*","424.7","7.1","0.9","*","*","3370","0.25","296","1892","1.5","42","13.1","4.38","4","2.17","2.71","*","20","6.4","1","11","0.61","0.81","*","*","*","172","56","0.32","5","*","43","92.4","8","*","104.2","*","31.2","*","194","*","*","*","1540","2.7","*","*","11.62","4","1737","1.9","0.89","*","63.5","2.2","0.33","13.8","31","7","24.8","2.07","88.4","579"
"41","V50","51.56","0.35","22.13","2.88","*","*","0.27","2.34","7","8.93","*","*","*","3.09","*","*","*","*","417","*","*","*","*","*","*","323","*","*","*","*","*","*","*","*","*","*","*","*","*","*","*","*","*","*","167","*","*","*","*","38","*","*","*","116","*","*","*","198","*","*","*","*","*","*","*","*","*","1681","*","*","*","*","*","*","*","*","*","*","*","92","551"
"42","V50.1","*","*","*","*","*","*","*","*","*","*","*","*","*","*","*","24","*","*","*","*","*","*","*","*","*","*","*","*","71","*","*","*","*","*","*","*","*","*","*","*","*","*","*","*","*","*","*","*","*","*","*","*","*","*","*","*","*","*","*","*","*","*","*","*","*","*","*","*","*","*","*","*","*","*","*","23","*","26","*","*","*"
"43","V51","52.59","0.35","22.71","2.65","*","0.14","0.25","2.31","7.14","9.04","0.16","*","*","3.41","*","*","*","*","398","*","*","*","*","*","*","*","*","*","50","*","*","*","*","*","*","20","*","*","12","*","*","*","*","*","*","*","*","*","*","38","*","*","*","108","*","*","*","199","*","*","*","*","*","*","*","*","*","1762","*","*","*","58","*","*","13","29","*","23","*","96","636"
"44","V52","52.01","0.346","22.62","2.66","*","0.143","0.27","2.299","6.68","8.718","0.032","*","*","3.3","*","22.3","*","*","415","*","*","*","*","*","*","288","*","*","42.5","12","22","*","*","*","*","22.8","*","*","*","0.502","*","*","*","*","160","*","*","*","*","40.8","84","*","*","115","*","*","*","182","*","*","*","*","2.1","*","*","16.7","0.98","1684","*","*","*","68","*","*","15","32.3","*","27.5","*","97.3","610"
"45","V53","*","*","*","*","*","*","*","*","*","*","*","*","*","*","*","*","*","*","416","7.79","*","*","*","*","*","230","*","*","*","11.88","2.4","3","1.56","1.8","*","*","4.76","*","10.4","*","0.54","*","*","*","126","51.6","0.252","*","*","38.9","66.6","*","*","103","*","21.2","*","194","*","*","*","*","*","4.75","*","7.7","*","1530","1.768","0.683","*","56","*","0.236","11.76","*","*","18.5","1.6","*","647"
"46","V54","51.24","0.361","22.38","2.625","0.821","0.1332","0.22","2.233","7.002","9.22","0.0386","2.429","1.142","3.52","*","*","*","*","*","*","*","*","449","3569","*","*","*","*","*","*","*","*","*","*","3976","*","*","*","*","0.561","*","*","*","*","*","*","*","*","*","*","*","*","*","*","*","*","*","*","*","*","*","*","*","*","*","*","*","1537","*","*","*","*","*","*","*","*","*","*","*","*","*"
"47","V54.1","*","*","*","*","*","*","*","*","*","*","*","*","*","*","*","*","*","*","435","*","*","*","*","*","*","*","*","*","*","*","*","*","*","*","*","*","*","*","*","*","*","*","*","*","*","*","*","*","*","*","*","*","*","*","*","*","*","*","*","*","*","*","*","*","*","*","*","*","*","*","*","*","*","*","*","*","*","*","*","*","*"
"48","V57","52.19","0.37","22.32","2.745","*","0.125","0.265","2.4","7.145","9.44","0.028","*","*","3.09","*","22.2","*","*","408.5","*","1.1","2.5","*","2900","0.9","282.7","*","1.9","44.8","32.1","6.3","*","*","*","*","19.9","*","*","9","0.68","*","*","*","*","159.6","*","*","3.8","*","37.6","76.6","1.8","*","104.7","*","*","*","188.4","*","*","*","170","5.3","*","*","10.7","2.9","1678.2","2.3","*","0.6","57.2","*","*","18.2","17.5","6.1","25.2","1.2","78.5","565.4"
"49","V58","52.27","0.29","22.11","2.5","*","0.12","0.25","2.34","7.39","9.08","0.03","*","*","3.08","*","*","*","*","438","*","*","*","*","*","*","300","*","*","42","*","10","3.7","2.3","2.4","*","21","7","*","*","*","0.9","*","*","*","173","57","0.3","*","*","51","89","43","*","*","*","27","*","196","*","*","*","*","*","*","*","14","*","1738","*","0.8","*","51","*","1","12","30","*","26","2","94","594"
"50","V59","*","*","*","*","*","*","*","*","*","*","*","*","*","*","*","*","*","*","418.85","*","*","*","*","*","*","311.55","*","*","*","12.92","*","4.38","2.29","2.6","*","23.44","9.81","*","11.26","*","0.8","*","*","*","169.68","*","0.34","*","*","41.93","92.95","*","*","*","*","29.85","*","196.4","*","*","*","*","*","4","*","11.81","1.52","1874.56","2.23","1.19","*","64.63","*","0.35","14.33","*","5.98","24.78","2.14","*","634.25"
"51","V60","51.78652","0.342948","22.58891","2.615679","*","0.138433","0.307789","2.283345","7.022911","9.087157","0.035003","*","*","3.32512","*","20.9205","*","*","407.4849","9.703535","0.873039","*","*","*","0.060673","294.4317","*","1.570771","43.52043","12.26921","3.651211","4.229625","2.089858","2.721723","*","21.74664","6.56747","*","9.874503","*","0.771495","*","*","*","167.0654","53.62119","0.32653","4.593838","*","46.31197","89.31016","1.911003","*","114.3073","*","29.89433","*","216.9494","*","*","*","0.168525","2.662088","*","*","11.59286","1.359687","1934.925","1.987549","0.817916","0.04145","62.15016","1.789299","0.32118","13.45573","27.35286","6.500078","26.26502","2.116064","94.74631","650.6621"
"52","V61","51.27","0.35","22.75","2.76","*","0.14","0.22","2.2","7.13","9.02","0.02","*","*","3.33","*","20.8","*","*","405","*","*","*","*","*","4","278","*","2","40","22","5","*","*","*","*","21","*","*","6","*","*","*","*","*","163","*","*","4","*","38","81","3","*","118","*","*","*","200","*","*","*","*","7","5","*","9","11","1737","3","*","5","61","*","*","15.7","26","12","26","*","85","589"
"53","V63","52.4","0.327","22.1","2.59","*","0.134","0.235","2.28","6.78","8.97","0.027","*","*","3.2","*","*","*","*","432","8.83","*","*","*","*","*","290","*","0.99","20.4","12.1","3.6","4.38","2.17","2.76","*","*","7.89","1.32","10.7","*","0.88","*","*","*","166","*","0.44","5.39","*","39.8","91.7","2","*","152","*","28","*","721","*","*","*","1700","*","0.8","*","11.6","*","1730","*","1.11","*","57.1","1.09","0.44","11.9","26","5","23.8","2.29","93.6","567"
"54","V66","51.61","0.35","22.72","2.63","*","0.14","0.27","2.3","6.61","8.82","*","*","*","3.15","*","*","*","*","*","*","*","*","*","*","*","*","*","*","*","*","*","*","*","*","*","*","*","*","*","*","*","*","*","*","*","*","*","*","*","*","*","*","*","*","*","*","*","*","*","*","*","*","*","*","*","*","*","*","*","*","*","*","*","*","*","*","*","*","*","*","*"
"55","V67","52.44","0.359","23.22","2.735","*","*","*","*","7.02","9.05","0.042","*","*","*","*","*","*","*","*","*","*","*","*","*","*","*","*","*","*","12","*","*","*","*","*","*","*","*","*","*","*","*","*","*","*","*","*","*","*","*","*","*","*","*","*","*","*","*","*","*","*","*","*","*","*","*","*","*","*","*","*","*","*","*","*","*","*","*","*","*","*"
"56","V67.1","*","*","*","*","*","0.135","0.199","2.336","*","*","*","*","*","2.2","0.27","22","*","24","326","9.41","*","*","680","*","*","317.89","*","1.75","48","*","4.23","4.15","2.16","2.53","3400","23.63","6.61","1.19","12.77","0.544","0.76","*","*","*","149.51","54","0.34","5.32","*","49.81","95.4","4.68","*","120","*","29.83","*","194","*","*","*","*","2.79","*","*","12.44","1.74","1755","2.07","0.82","*","54","0.24","0.32","14","24","6.56","15","2.24","110","626"
"57","V68","51.871","0.362","22.674","2.749","*","0.145","0.234","2.22","6.892","9.69","0.04","*","*","3.12","*","*","*","*","414","*","*","*","*","*","*","*","*","2.6","54","*","4","*","*","*","*","*","*","*","*","*","*","*","*","*","*","*","*","9","*","52.8","*","7","*","146","*","*","*","218","*","*","*","*","*","*","*","*","*","1718","*","*","*","55","*","*","*","26","*","32","*","84","666"
"58","V70","52.623","0.177","20.9","2.25","*","0.0936","0.128","2.53","7.01","9.11","0.0346","*","*","3.658","*","*","*","*","515","*","*","*","*","*","0.043","*","2210","0.947","31.27","*","8.598","*","*","*","*","*","*","*","*","*","*","*","*","*","*","43.71","*","*","*","*","*","*","*","127","*","*","*","221","*","*","*","1830","*","*","*","*","*","1890","*","*","*","*","*","*","*","64.59","*","*","*","111.2","515"
"59","V71","51.7","0.31","22.4","2.56","1.04","0.134","0.38","2.29","7.4","9.4","*","*","*","3.15","*","*","*","46","420","8.6","*","*","*","0.22","*","280","*","*","43","*","*","*","*","*","*","*","*","*","10","*","*","*","*","*","162","53","*","*","*","40","*","*","*","114","*","*","*","191","*","*","*","*","*","*","*","*","*","1751","*","*","*","*","*","*","*","*","*","25","*","*","568"
"60","V72","52.36","0.36","22.64","2.67","1.02","0.14","0.22","2.32","6.98","9.16","0.04","1.73","*","3.06","0.1","20.2","*","48","428","8.4","1.16","*","*","*","0.098","300","*","1.58","41.3","12.9","5.77","4.76","2.34","2.55","*","21.6","8.3","1","10.5","0.65","0.88","*","*","*","170","50.9","0.33","4.76","*","40.9","91.2","3.66","*","115","*","31.8","*","212","*","*","*","*","2.18","0.32","*","11.8","1.28","1520","1.87","1.07","*","61.4","2","0.34","11.9","30.5","4.85","24.9","2.06","97.5","693"
"61","V73","51.57","0.35","22.02","2.65","1.3","0.14","0.22","2.28","7.06","9.07","0.03","2.02","1.36","*","*","*","*","*","412","*","*","*","*","*","*","277","*","3","65","17","4","*","*","*","*","23","*","*","16","*","*","*","*","*","161","*","*","2","*","44","80","7","*","124","*","*","*","191","*","*","*","*","*","3","*","*","4","1716","1","*","*","52","*","*","10","31","1","15","*","89","596"
"62","V73.1","*","*","*","*","*","*","*","*","*","*","*","*","*","*","*","34","*","*","*","*","2","*","*","*","*","*","980","*","*","*","*","*","*","*","3594","*","*","*","*","*","*","*","*","*","*","*","*","*","*","*","*","*","*","*","*","*","*","*","*","*","*","488","*","*","*","*","*","*","*","*","*","*","*","*","*","*","*","*","*","*","*"
"63","V74","50.7","0.255","22.3","2.19","*","0.13","*","2.24","*","8.66","0.0874","*","*","*","*","*","*","*","370","*","*","*","*","*","2.7","249","*","194","196","*","55.2","*","*","6.5","*","14.1","30.5","*","*","*","*","2.4","*","*","136","*","*","*","*","30","71.1","*","*","147","*","12.5","*","186","*","*","*","*","*","*","*","*","*","1670","*","*","*","51.5","*","*","16.6","*","*","22.1","*","87","569"
"64","V75","51.81","0.35","22.51","2.67","*","0.15","0.27","2.28","6.96","9.05","0.041","*","*","2.98","0.14","24.7","0.002","85","427","9","1.05","*","*","0.34","0.19","286","*","1.7","27","13.1","4","4.3","2.1","2.8","*","23","6.2","0.8","9.9","0.7","0.8","*","0.02","*","175.6","56.2","0.3","4.6","*","44","101.4","2.7","*","122.5","*","30.8","*","198","0.003","*","*","1700","2.91","*","*","12.3","1.6","1792","1.8","0.9","*","62","2.1","0.3","13.4","26.5","7","25","2.1","94","636"
"65","V76","50.26","0.338","21.87","2.73","*","0.141","0.233","2.13","7.05","8.9","0.04","*","*","*","*","*","*","*","429","*","*","*","*","3258","*","298","*","*","48","*","*","*","*","*","*","*","*","*","*","*","*","*","*","*","168","*","*","*","*","*","*","*","*","*","*","*","*","*","*","*","*","1350","*","*","*","*","*","*","*","*","*","*","*","*","*","29","*","23","*","102","648"
"66","V77","51.55","0.344","22.5","2.654","*","0.133","0.227","2.264","7.031","9.253","0.032","*","*","3.296","*","*","*","*","415","*","*","*","*","*","*","*","*","*","79","*","*","*","*","*","*","*","*","*","*","*","*","*","*","*","*","*","*","*","*","*","*","*","*","*","*","*","*","*","*","*","*","*","*","*","*","*","*","1621","*","*","*","*","*","*","*","*","*","*","*","137","601"
"67","V78","51","0.33","22.35","2.522","*","0.14","0.26","2.22","7.04","9.46","0.04","*","*","3.23","*","22.9","*","*","354.2","*","*","*","*","*","*","262.3","*","*","36","19","6.7","*","*","*","*","21.3","*","*","*","*","*","*","*","*","153.3","*","*","*","*","37.6","*","*","*","110.2","*","*","*","183.1","*","*","*","*","4.2","*","*","*","*","1690.9","*","*","*","63.4","*","*","18.9","21","*","22","*","79.1","536"
"68","V80","52.54","0.25","23.55","2.12","*","0.13","0.36","2.12","8.07","9.66","0.06","*","*","3.16","*","*","*","*","*","*","*","*","*","*","*","*","*","*","*","*","*","*","*","*","*","*","*","*","*","*","*","*","*","*","*","*","*","*","*","*","*","*","*","*","*","*","*","*","*","*","*","0.11","*","*","*","*","*","0.4","*","*","*","*","*","*","*","*","*","*","*","*","0.12"
"69","V82","51.61","0.35","23.36","2.67","*","0.13","0.2","2.22","6.94","9.06","0.04","*","*","*","*","*","*","*","*","*","*","*","*","*","*","*","*","*","*","*","*","*","*","*","*","*","*","*","*","*","*","*","*","*","*","*","*","*","*","*","*","*","*","*","*","*","*","*","*","*","*","*","*","*","*","*","*","*","*","*","*","*","*","*","*","*","*","*","*","*","*"
"70","V82.1","*","*","*","*","*","*","*","*","*","*","*","*","*","3.36","*","*","*","*","*","*","*","*","*","*","*","*","*","*","*","*","*","*","*","*","*","*","*","*","*","*","*","*","*","*","*","*","*","*","*","*","*","*","*","*","*","*","*","*","*","*","*","*","*","*","*","*","*","*","*","*","*","*","*","*","*","*","*","*","*","*","*"
"71","V83","*","*","*","*","*","*","*","*","*","*","*","*","*","*","*","25.7","*","*","409.4","*","*","1.9","*","*","*","278","*","2","44.6","12.8","*","*","*","*","*","21.4","*","*","*","*","*","*","*","*","172.8","*","*","5.03","*","42.16","*","3.7","*","122.9","*","*","*","190.94","*","*","*","*","*","*","*","*","*","1679.08","*","*","*","58.8","*","*","11.9","22.9","*","23.32","*","85.75","568.8"
"72","V84","52.96","0.3512","24.1","2.435","1.175","0.1305","0.3785","2.262","6.907","9.162","*","*","*","1.3","0.173","22.94","*","*","349.4","9.421","0.943","*","*","3081","0.152","246","*","1.353","35.9","11.44","3.245","3.403","1.7","2.101","*","24.37","9.622","1.661","7.641","*","0.609","*","0.0172","*","145.2","49.47","0.268","4.207","*","37.59","83.54","1.848","*","120.48","*","25.71","*","154.5","0.005","*","*","1205","2.773","4.477","1.611","9.247","1.328","1602.1","1.856","0.809","0.084","52.21","1.868","0.267","12.3","24.54","5.34","22.12","1.745","86.51","536.44"
"73","V85","53.307","0.348","23.003","2.696","*","0.143","0.219","2.405","7.078","9.363","0.036","*","*","3.2","*","*","*","*","438.2","8.6","*","*","*","*","*","292.46","*","1.48","39.78","12.05","*","3.95","2.13","2.48","*","23.16","7.41","*","9.59","*","0.73","*","*","*","160.23","*","0.3","4.2","*","36.19","87.83","*","*","112.19","*","28.3","*","181.01","*","*","*","1307.7","*","*","*","10.89","1.31","1798.9","1.75","0.86","*","57.85","0.63","0.29","12.66","37.4","*","22.84","2.02","100.1","622.1"
"74","V86","52.61","0.35","22.93","2.4","*","0.14","0.2","2.38","6.82","9.06","0.02","*","*","2.69","*","*","*","40.3","438","8.43","*","*","*","*","0.12","306","*","1.75","64.6","14.1","3.41","4.27","2.26","2.59","*","23.3","10.1","1.25","11.1","*","0.75","*","*","*","172","58.1","0.31","3.52","*","49","105","3.4","*","130","*","32.8","*","201","*","*","*","*","*","1","*","11.9","*","1783","2.43","1.02","*","68.8","*","0.32","14.5","30.2","*","26.6","2.1","90.5","636"
"75","V87","52.35","0.33","22.57","2.54","*","0.136","0.22","2.16","6.77","9.28","0.033","*","*","3.26","*","*","*","*","*","*","*","*","*","3270","*","*","*","*","*","*","*","*","*","*","*","*","*","*","*","*","*","*","*","*","*","*","*","*","*","*","*","*","*","*","*","*","*","*","*","*","*","1910","*","*","*","*","*","2250","*","*","*","*","*","*","*","*","*","*","*","*","*"
"76","V89","51.677","0.348","22.433","2.637","*","0.14","0.217","2.303","6.89","9.077","0.04","*","*","3.328","*","*","*","*","391.4","*","*","*","*","3307","*","275.8","1639","2.126","37.42","*","*","3.817","1.942","2.325","3809","22","6.467","*","9.007","*","0.7","*","*","*","156.1","53.13","0.288","*","*","41.84","84.48","*","*","141","*","26.85","*","190","*","*","*","1692","*","5.678","*","10.6","*","1608","1.808","0.7403","*","55.29","*","0.2735","10.82","26.19","*","23.5","1.923","83.5","554"
"77","V90","52.56","0.3395","23.018","2.585","*","0.142","0.232","2.353","7.047","9.384","0.0477","*","*","2.08","*","*","*","*","416.05","7.77","1.09","*","*","*","*","217.75","*","1.04","43.8","12.2","6.2","4.09","2.2","2.43","*","27.1","7.04","*","11.18","*","0.7","*","*","*","149.11","51.79","0.3","3.67","*","35.5","82.29","1.55","*","115.57","*","25.15","*","193.2","*","*","*","*","2.73","*","*","10.06","1.65","1693.1","1.83","0.91","*","48.9","*","0.29","13.2","37.05","6.86","23.68","2.08","81.6","604.08"
"78","V92","52.43","0.34","22.56","2.57","*","0.13","0.25","2.23","7.05","8.97","0.04","*","*","3.44","*","*","*","*","*","*","*","*","*","*","*","*","*","*","*","*","*","*","*","*","*","*","*","*","*","*","*","*","*","*","*","*","*","*","*","*","*","*","*","*","*","*","*","*","*","*","*","*","*","*","*","*","*","*","*","*","*","*","*","*","*","*","*","*","*","*","*"
"79","V93","52.08","0.34","22.32","2.67","*","0.141","0.01","2.36","7.13","9.42","0.034","*","*","3.28","*","*","*","*","5198","*","*","*","*","*","*","399","*","17","233","20","109","*","*","*","*","23","*","*","31","*","*","*","*","*","237","*","*","29","*","22","191","158","*","231","*","*","*","652","*","*","*","*","*","*","*","40","*","760","*","*","*","123","*","*","12","168","*","49","*","103","889"
"80","V93.1","*","*","*","*","*","*","*","*","*","*","*","*","*","*","*","*","*","*","*","*","*","*","*","*","*","*","*","*","*","*","*","*","*","*","*","*","*","1.5","*","*","*","*","*","*","*","*","*","*","*","*","*","*","*","*","*","*","*","*","*","*","*","*","*","*","*","*","*","*","*","*","*","*","*","*","*","*","*","*","*","*","*"
"81","V94","52.57","0.335","22.82","2.82","*","0.137","0.26","2.249","7.84","9.342","0.027","*","*","*","0.186","23.38","*","52.9","54.08","8.078","1.086","*","*","*","0.256","289.03","*","1.54","38.5","8.57","3.62","4.245","2.115","2.522","*","19.51","6.271","*","8.13","*","0.792","*","*","*","162.084","57.62","0.33","4.06","*","39.454","89.41","1.69","*","126.98","*","29.022","*","179.9","*","*","*","1932","2.711","*","0.22","11.381","1.78","1696.82","2.61","0.828","*","54.57","1.496","0.31","12.556","27.2","6.962","23.68","2.168","97.8","413.7"
"82","V95","*","0.396","*","*","*","*","*","*","*","*","*","*","*","*","*","*","*","*","423","*","*","*","*","*","*","306","*","1.75","36.5","12.9","5.24","4.14","2.11","2.54","*","*","6.71","*","9.03","*","0.778","*","*","*","170","65.1","0.322","5.14","*","47.2","98.9","2.48","*","124","*","29.7","*","207","*","*","*","*","2.96","0.534","*","11.5","4.41","1930","1.97","0.832","*","65.3","2.56","*","13.8","30.9","*","32.4","2.17","109","598"
"83","V96","51.398","0.335","22.73","2.82","*","0.16","0.21","2.127","7.47","9.292","0.01","*","*","3.32","*","45","*","*","*","*","*","*","*","*","*","*","*","*","*","*","6","*","*","*","*","26","*","*","*","*","*","*","*","*","*","*","*","8","*","39","*","1","*","126","*","*","*","196","*","*","*","*","*","*","*","*","*","1701","*","*","*","70","*","*","21","*","8","36","*","83","622"
"84","V97","52.47","0.3618","23.53","2.725","*","0.1419","0.2431","2.449","7.321","9.327","0.0335","*","*","*","*","*","*","*","424.3","*","*","*","*","*","*","*","*","*","*","*","*","*","*","*","*","*","*","*","*","*","*","*","*","*","*","*","*","*","*","*","*","*","*","*","*","*","*","*","*","*","*","*","*","*","*","*","*","1814","*","*","*","*","*","*","*","*","*","*","*","*","677.8"
"85","V98","51.64","0.332","22.5","2.63","*","0.139","0.215","2.25","7.02","9.22","*","*","*","3.24","*","*","*","*","448","*","*","*","*","*","*","*","*","*","*","*","*","*","*","*","*","*","*","*","*","*","*","*","*","*","*","*","*","*","*","*","*","*","*","*","*","*","*","279","*","*","*","1660","*","*","*","*","*","1805","*","*","*","*","*","*","*","*","*","*","*","*","592"
"86","V99","52.62","0.35","22.71","2.65","1.13","0.14","0.31","2.3","6.93","9.25","0.04","*","*","3.42","0.35","22.13","*","*","431.4","8.83","0.94","*","*","*","0.27","301.6","1884","2.01","48.86","12.58","5.12","4.26","2.13","2.71","3611","21.67","6.82","0.95","10.72","*","0.77","*","*","*","171.1","*","0.31","4.72","*","41.33","102.6","7.14","*","123.6","*","29.14","*","196.1","*","*","*","1802","3.08","*","*","11.42","1.76","1788","1.77","0.85","*","63.81","*","*","13.45","28.02","6.8","24.01","2.17","99.35","616.8"
"87","V100","*","*","21.9","2.69","*","0.144","0.24","2.31","7.12","9.47","*","*","*","*","*","*","*","*","425","*","1.2","*","*","*","*","296","*","1.7","*","12.2","4.5","4.2","2.1","2.6","*","23","7.6","*","*","*","0.78","*","*","*","163","55","0.31","4.3","*","42","90","2.4","*","141","*","29.2","*","191","*","*","*","*","2.8","*","*","11.4","1.6","1750","*","0.82","0.04","63","2.4","0.31","15","29","*","*","2.1","95","*"
"88","V101","51.38","0.35","22.48","2.62","0.85","0.135","0.22","2.27","7.01","9.07","0.04","*","*","3.21","*","24","*","*","402","*","*","*","*","*","*","318","*","*","35","*","*","*","*","*","*","20","*","*","*","*","*","*","*","*","183","*","*","*","*","41","91","*","*","114","*","*","*","182","*","*","*","*","*","*","*","*","*","1729","*","*","*","61","*","*","14","26","*","23","*","94","611"
"89","V102","51.8","0.36","22.5","2.66","*","0.14","0.24","2.28","6.94","9.15","0.04","*","*","3.38","*","*","*","*","*","*","*","*","*","*","*","*","*","*","*","*","*","*","*","*","*","*","*","*","*","*","*","*","*","*","*","*","*","*","*","*","*","*","*","*","*","*","*","*","*","*","*","*","*","*","*","*","*","*","*","*","*","*","*","*","*","*","*","*","*","*","*"
"90","V103","52.09","0.34","22.81","2.72","*","0.139","0.216","2.2","6.64","8.32","*","*","*","3.36","*","24","*","*","440","*","*","*","*","*","*","*","*","*","47","*","*","*","*","*","*","20","*","*","16","*","*","*","*","*","*","58.2","*","*","*","38","*","*","*","111","*","*","*","189","*","*","*","*","*","*","*","*","*","1694","*","*","*","54","*","*","18","21","*","26","*","79","583"
"91","V104","50.92","0.33","22.34","2.55","*","0.13","0.19","2.2","7.34","9.08","0.03","*","*","3.28","*","19.2","*","*","419","*","*","2.6","*","*","*","289.5","1000","2.4","41.3","10.7","4.4","*","*","*","3000","21.5","*","*","13.3","*","*","*","*","*","174.6","*","*","4.2","*","39.3","75.5","2.5","*","118","*","*","*","190.1","*","*","*","1200","2.45","1.5","*","8.4","0.98","1718.9","*","*","*","62.7","1.2","*","12.8","22.8","7.2","24.5","*","83.3","568.3"
"92","V105","50.42","0.32","22.82","2.66","*","0.14","0.15","2.05","6.89","9.08","0.04","*","*","3.06","*","26","*","108","178","8","*","*","*","*","*","*","*","4","25","*","5","*","*","*","*","*","*","*","*","*","*","*","*","*","*","57","*","9","*","*","*","4","*","101","*","*","*","*","*","*","*","*","*","*","*","*","*","1814","*","*","*","*","*","*","*","30","11","20","*","78","*"
"93","V106","*","*","*","*","*","*","*","*","*","*","*","*","*","3.47","1.525","32.507","*","*","378.6","6.853","*","*","*","*","*","218.829","*","3.322","24.207","*","6.999","4.457","2.344","3.267","*","21.211","14.647","*","13.171","0.3174","0.835","*","*","*","158.619","*","0.213","1.949","*","96.59","85.543","0.606","*","88.347","*","32.594","*","146.635","*","*","*","*","2.008","*","*","12.924","0.841","191.78","4.455","1.154","*","57.572","*","0.299","15.105","25.76","*","23.386","2.115","82.233","*"
"94","V107","51.7","0.34","22.48","2.67","*","0.139","0.21","2.26","6.89","9.08","0.034","*","*","3.38","*","*","*","*","426","*","*","*","*","*","*","298.83","*","*","44","12.74","5","4.59","2.17","2.79","*","5","6.75","*","10.16","*","0.83","*","*","*","168.4","*","0.33","*","*","40.74","92.36","4","*","121.12","*","30.12","*","192.7","*","*","*","*","*","0.4","*","12.04","*","1757","1.81","0.9","*","63.27","*","0.32","13.04","33","*","25.92","2.04","100","603"
"95","V108","53.4","0.289","20.9","2.3","*","0.121","0.254","2.71","7.58","8.6","0.0501","*","*","2.8","*","*","*","*","402","*","*","*","*","*","*","*","2110","*","64","*","*","*","*","*","1930","11","*","*","*","*","*","*","*","*","*","*","*","*","*","36","*","*","*","117","*","*","*","175","*","*","*","1780","*","*","*","*","*","1690","*","*","*","41","*","*","*","*","*","*","*","92","694"
"96","V109","51.916","0.3374","22.687","2.6408","0.942","0.1392","0.2274","2.2772","6.858","9.129","0.0366","0.356","*","2.956","*","*","*","*","435.58","8.835","1.07","*","*","3344","0.2","268.68","*","1.66","43.2","12.907","3.9","4.1752","2.0707","2.4624","*","21.894","6.0657","*","9.69","*","0.7319","*","0.015","*","145.653","55.47","0.3106","4.756","*","42.956","85.694","2.41","*","119.39","*","27.177","*","194.29","*","*","*","1131","2.853","*","*","11.049","1.79","1713.83","1.9203","0.7812","*","59.645","1.9471","0.3046","13.427","28.84","6.639","25.415","2.024","102.6","589.3"
"97","V111","*","0.354","*","*","*","0.142","*","*","*","*","*","*","*","*","*","*","*","*","434","9.19","1.14","*","*","*","*","308","*","1.6","43.9","12.7","4.13","4.49","2.33","2.77","*","23.2","6.19","*","10.8","*","0.82","*","*","*","170","57.5","0.34","4.12","*","47.5","96.7","3.23","*","131","*","31.6","*","196","*","*","*","*","*","0.44","*","12.1","1.64","1812","2.07","0.87","*","70.6","2.53","0.34","14.2","30.9","*","27.9","2.22","97","650"
"98","V113","*","*","*","2.62","*","0.141","0.259","2.43","*","*","*","*","*","*","*","23.83","*","*","458.7","*","*","*","*","*","*","320.7","*","1.463","40.93","13.34","4.25","4.12","1.991","2.53","*","24.45","8.63","*","9.03","*","0.756","*","*","*","177.6","*","0.325","*","*","46.2","93.41","2.97","*","111.6","*","30.69","*","197.2","*","*","*","*","*","1.528","*","11.57","*","1729.8","1.98","1.074","*","67.42","*","0.324","13.75","26.67","*","26.91","2.05","79.18","579.1"
"99","V114","52.12","0.33","22.44","2.52","*","0.135","0.231","2.19","6.97","9.03","0.037","*","*","3.49","*","*","*","*","*","*","*","*","*","*","*","*","*","*","*","*","*","*","*","*","*","*","*","*","*","*","*","*","*","*","*","*","*","*","*","*","*","*","*","*","*","*","*","*","*","*","*","*","*","*","*","*","*","*","*","*","*","*","*","*","*","*","*","*","*","*","*"
"100","V115","51.94","0.344","22.96","2.61","*","0.14","0.2","2.24","6.68","8.67","0.033","*","*","3.4","*","*","*","*","474","*","*","*","*","*","*","302","*","1.61","57","12.2","38","3.67","*","*","*","20","*","1.18","8.18","*","0.68","*","*","*","162","46.65","*","*","*","36","117","*","*","109","*","*","*","189","*","*","*","*","*","*","*","*","*","1533","*","0.96","*","66","*","*","19","36","*","*","*","102","563"
"101","V116","51.62","0.33","22.56","2.59","*","0.13","0.2","2.2","7.19","9.05","0.04","*","*","3.33","*","*","*","*","393","*","*","*","*","*","*","291","*","*","35","*","*","*","*","*","*","*","20","*","*","*","*","*","*","*","99","*","*","*","*","*","*","54","*","117","*","*","*","226","*","*","*","*","*","*","*","*","*","2865","*","*","*","*","*","*","*","33","*","38","*","130","649"
"102","V117","51.98","0.35","22.71","2.68","*","0.174","0.06","2.33","6.98","9.69","0.04","*","*","3.3","*","22","*","*","*","*","*","*","*","*","*","100","*","*","*","*","*","*","*","*","*","*","*","*","*","*","*","*","*","*","60","*","*","*","*","*","*","*","*","*","*","*","*","*","*","*","*","*","*","*","*","*","*","200","*","*","*","*","*","*","*","*","*","*","*","*","*"
"103","V118","51.91","0.41","22.94","2.57","*","0.125","0.2","2.25","6.84","8.86","0.039","*","*","3.01","*","20.55","*","*","400","9.62","0.845","*","*","*","*","267","*","2.89","39.9","11.88","3.17","3.81","3.03","3.08","*","23.43","13.72","*","*","*","0.687","*","0.017","*","150","59.57","0.361","4.17","*","37.6","83.5","3.17","*","105.5","*","26.46","*","194","*","*","*","*","*","3.08","*","10.2","*","1704","*","1.354","*","58.8","1.834","0.342","11.52","22.27","*","27.67","2.3","79.1","583"
"104","V119","51.11","0.352","22.78","2.68","*","0.137","0.15","2.27","7.14","9.2","0.042","*","*","*","*","23","*","*","381","*","*","5","*","*","*","202.5","*","*","36","*","12","3.72","2","2.06","*","21","6.08","*","7","*","0.67","*","*","*","95.3","*","0.26","*","*","35","63.4","4","*","118","*","19.7","*","181","*","*","*","*","*","1","*","8.59","*","1588","*","0.71","*","39.11","*","0.26","8","22","*","18.3","1.66","87","614"
"105","V120","51.51","0.345","22.59","2.64","*","0.134","0.22","2.27","6.94","9.12","0.039","*","*","3.4","*","*","*","*","417","*","*","*","*","*","*","273","*","*","43","*","*","*","*","*","*","21","*","*","*","*","*","*","*","*","134","*","*","*","*","40","87","*","*","115","*","*","*","208","*","*","*","*","*","*","*","*","*","1781","*","*","*","60","*","*","20","24","*","27","*","86","602"
"106","V121","51.516","0.35","22.937","2.638","*","0.136","0.242","2.338","6.938","9.119","0.039","*","*","3.364","*","*","*","*","477","*","*","*","*","*","*","*","*","1","25","*","10","*","*","*","4510","20","*","*","6","*","*","*","*","*","*","56","*","*","*","*","*","4","*","41","*","*","*","*","*","*","*","*","*","*","*","*","*","1860","*","*","*","*","*","*","*","*","*","22","*","95","607"
"107","V122","51.41","0.319","22.12","2.599","*","0.135","0.234","2.135","6.776","9.083","0.033","*","*","3.34","*","19","*","*","393","*","*","6","*","*","*","278","2410","*","50","*","7","*","*","*","4102","20","8","3","17","*","*","*","*","*","153","*","*","*","*","39","83","9","*","115","*","*","*","196","*","*","*","1206","*","*","*","*","*","1566","*","*","*","61","*","*","7","26","*","31","*","95","551"
"108","V123","52.355","0.31","22.46","2.53","*","0.11","0.23","2.11","6.975","9.015","0.04","*","*","3.21","*","*","*","*","456","5.78","0.72","*","*","*","*","299.26","*","2","35.28","9.63","5","3.86","2.28","3.28","*","22","9.07","0.93","9.1","*","0.75","*","0.02","*","178.58","*","0.29","3.09","*","30","92.92","4","*","115","*","28.83","*","175","*","*","*","*","1.49","1.5","*","11.02","1.34","1672","0.58","1.11","0.2","60","1.74","0.3","9.71","19","5.02","22","1.94","78","580"
"109","V124","51.87","0.35","22.16","2.9","*","0.13","0.24","2.68","6.85","8.13","0.038","*","*","3","*","*","*","*","425","9.5","*","*","*","*","*","293","*","1.59","43","14","3","4.28","2.05","2.5","*","21.5","7.56","*","9.96","*","0.75","*","*","*","168","61","0.33","4.9","*","30","96","2.8","*","110","*","29.6","*","195","*","*","*","*","*","0.78","*","11.3","1.8","1470","*","0.93","*","65","1.89","0.31","13.4","31","8.3","25.8","2.06","73","560"
"110","V125","*","0.3003","22.466","2.588","*","0.14","*","2.309","6.983","8.794","*","*","*","*","*","22.1","*","*","450","*","*","2.2","*","*","*","303","1940","1.5","43.6","12.9","*","4.9","*","2.52","*","*","*","*","10.1","*","*","*","*","*","165.7","*","0.27","*","*","*","92","*","*","*","*","*","*","186","*","*","*","*","2.8","0.185","*","11.1","*","1820","1.66","0.78","*","63.9","*","*","12.6","29","6.2","*","1.94","99","610"
"111","V125.1","*","*","*","*","*","*","0.381","*","*","*","*","*","*","*","*","*","*","*","*","*","*","*","*","*","*","*","*","*","*","*","*","*","*","*","*","*","*","*","*","*","*","*","*","*","*","*","*","*","*","*","*","*","*","*","*","*","*","*","*","*","*","*","*","*","*","*","*","*","*","*","*","*","*","*","*","*","*","*","*","*","*"
"112","V126","51.43","0.35","22.08","2.69","0.88","0.139","0.223","2.302","6.9","9.1","*","1.85","*","3.59","*","24.2176","*","47","423.1815","8.1549","1.0686","*","218","3222","0.2284","295.0681","1855","1.4565","46.0943","11.9474","*","4.3006","2.0542","2.5799","4481","23.1736","7.1675","1.3609","10.1369","*","0.7701","*","*","*","158.0909","54","0.3152","4.1162","*","37.1238","89.9585","*","*","117.5355","*","29.0337","*","182.3074","*","*","*","1779","2.8165","*","0.04","11.5845","2.0753","1789.599","1.9901","0.8244","*","59.9023","*","0.2902","13.4182","26.2067","6.7447","25.3839","2.0791","108.6933","631.9766"
